{"cameraMode":{"drawMode":0,"name":"Shaded","section":"Shading Mode"},"sceneLighting":true,"audioPlay":false,"sceneViewState":{"showFog":false,"showMaterialUpdate":false,"showSkybox":false,"showFlares":false,"showImageEffects":false,"showParticleSystems":false},"in2DMode":false,"pivot":{"x":-0.7846145629882813,"y":0.8656913042068481,"z":0.22683382034301759},"rotation":{"x":-0.06348279863595963,"y":0.8879654407501221,"z":-0.1290389448404312,"w":-0.43684813380241396},"size":6.313694000244141,"orthographic":false}